{"app":["/app-ec9a58e08d056a74a06e.js"],"component---src-pages-404-js":["/component---src-pages-404-js-de147e2a411283ceee16.js"],"component---src-pages-biblioteca-js":["/component---src-pages-biblioteca-js-8289deaf1cda837d9da0.js"],"component---src-pages-contacto-js":["/component---src-pages-contacto-js-6f975c351b6609701507.js"],"component---src-pages-index-js":["/component---src-pages-index-js-8e675df46b37576bd708.js"],"component---src-pages-preguntas-frecuentes-js":["/component---src-pages-preguntas-frecuentes-js-4d3914310337667bfd55.js"],"component---src-pages-quien-soy-js":["/component---src-pages-quien-soy-js-0c5e1d5d5218859995fe.js"],"component---src-pages-servicios-js":["/component---src-pages-servicios-js-e3ff9967892d2b93c590.js"]}