{"app":["/app-4f04992145d0a0ed0c2c.js"],"component---src-templates-blog-post-js":["/component---src-templates-blog-post-js-4b77aa9e5feb0cd22323.js"],"component---src-pages-404-js":["/component---src-pages-404-js-de147e2a411283ceee16.js"],"component---src-pages-biblioteca-js":["/component---src-pages-biblioteca-js-a11e4ea0abc4bca0e1cc.js"],"component---src-pages-citas-js":["/component---src-pages-citas-js-586591e049ed33e49eef.js"],"component---src-pages-contacto-js":["/component---src-pages-contacto-js-47109f6dcb1dd1fc6f37.js"],"component---src-pages-index-js":["/component---src-pages-index-js-d0011c87b44fb375780f.js"],"component---src-pages-preguntas-frecuentes-js":["/component---src-pages-preguntas-frecuentes-js-84a8c798a188a22e8d65.js"],"component---src-pages-quien-soy-js":["/component---src-pages-quien-soy-js-66a0355ebc12f6b3467c.js"],"component---src-pages-servicios-js":["/component---src-pages-servicios-js-df1818fcb383c8b72e73.js"]}