{"app":["/app-00e945312dbf3912ae8f.js"],"component---src-templates-blog-post-js":["/component---src-templates-blog-post-js-4b77aa9e5feb0cd22323.js"],"component---src-pages-404-js":["/component---src-pages-404-js-de147e2a411283ceee16.js"],"component---src-pages-biblioteca-js":["/component---src-pages-biblioteca-js-4bc4ede1e3a94d71ed78.js"],"component---src-pages-citas-js":["/component---src-pages-citas-js-c97957b5893352470db9.js"],"component---src-pages-contacto-js":["/component---src-pages-contacto-js-7106d5c04220e5323d10.js"],"component---src-pages-index-js":["/component---src-pages-index-js-c54b17f15b776221357c.js"],"component---src-pages-preguntas-frecuentes-js":["/component---src-pages-preguntas-frecuentes-js-5d66828417af9394d9ac.js"],"component---src-pages-quien-soy-js":["/component---src-pages-quien-soy-js-70c5154badd8ada7edb0.js"],"component---src-pages-servicios-js":["/component---src-pages-servicios-js-90e7da491bf45261ece9.js"]}