{"app":["/app-ec9a58e08d056a74a06e.js"],"component---src-pages-404-js":["/component---src-pages-404-js-de147e2a411283ceee16.js"],"component---src-pages-biblioteca-js":["/component---src-pages-biblioteca-js-8289deaf1cda837d9da0.js"],"component---src-pages-contacto-js":["/component---src-pages-contacto-js-bf8d4410a7548c10837d.js"],"component---src-pages-index-js":["/component---src-pages-index-js-5e4a9f8aef6e3a8acbf8.js"],"component---src-pages-preguntas-frecuentes-js":["/component---src-pages-preguntas-frecuentes-js-fc2b422c1dfcb1bdee14.js"],"component---src-pages-quien-soy-js":["/component---src-pages-quien-soy-js-cff6519f82a7b6d0908c.js"],"component---src-pages-servicios-js":["/component---src-pages-servicios-js-d89fe6cdadf0c4578d29.js"]}