{"app":["/app-307bffdf16294ffe583e.js"],"component---src-templates-blog-post-js":["/component---src-templates-blog-post-js-1bf48fc14fa31f29df0b.js"],"component---src-pages-404-js":["/component---src-pages-404-js-de147e2a411283ceee16.js"],"component---src-pages-biblioteca-js":["/component---src-pages-biblioteca-js-97c1aaaa1c81d1c80bc9.js"],"component---src-pages-citas-js":["/component---src-pages-citas-js-5ade127d31d74a8f56a8.js"],"component---src-pages-contacto-js":["/component---src-pages-contacto-js-6e68d1cb5f1355eb8085.js"],"component---src-pages-index-js":["/component---src-pages-index-js-7f1557a06a4548aeb3cd.js"],"component---src-pages-preguntas-frecuentes-js":["/component---src-pages-preguntas-frecuentes-js-53ce819a6700831e6be5.js"],"component---src-pages-quien-soy-js":["/component---src-pages-quien-soy-js-efad389af67673a6f553.js"],"component---src-pages-servicios-js":["/component---src-pages-servicios-js-ac71a187b94a218c3e86.js"],"component---src-pages-servicios-cardiologia-js":["/component---src-pages-servicios-cardiologia-js-0c9a180f07bf41c46258.js"],"component---src-pages-servicios-cardiooncologia-js":["/component---src-pages-servicios-cardiooncologia-js-174046843f7b5b8665fc.js"],"component---src-pages-servicios-contrapulsacion-js":["/component---src-pages-servicios-contrapulsacion-js-a8941a7227a8a4f777fa.js"],"component---src-pages-servicios-ecocardiograma-js":["/component---src-pages-servicios-ecocardiograma-js-3f06902684a269e0f84e.js"],"component---src-pages-servicios-electrocardiograma-js":["/component---src-pages-servicios-electrocardiograma-js-7d72f6b81000c9c89749.js"],"component---src-pages-servicios-monitoreo-de-presion-arterial-js":["/component---src-pages-servicios-monitoreo-de-presion-arterial-js-a5a38f7ae5d4cdbf1b48.js"],"component---src-pages-servicios-prueba-de-esfuerzo-js":["/component---src-pages-servicios-prueba-de-esfuerzo-js-ccc27510fd26d31b89c1.js"],"component---src-pages-servicios-rehabilitacion-cardiaca-js":["/component---src-pages-servicios-rehabilitacion-cardiaca-js-fdfdfc19f95f08a11f45.js"],"component---src-pages-servicios-rigidez-arterial-js":["/component---src-pages-servicios-rigidez-arterial-js-f43de7b5b45edbf3110c.js"],"component---src-pages-servicios-test-de-holter-js":["/component---src-pages-servicios-test-de-holter-js-0525eb1b4ffa8f3260c6.js"]}