{"errors":[],"warnings":[],"namedChunkGroups":{"app":{"chunks":[22,0,2],"assets":["webpack-runtime-cf92b431729e8e0d2d2c.js","webpack-runtime-cf92b431729e8e0d2d2c.js.map","commons-b36030d267d25cd712b6.js","commons-b36030d267d25cd712b6.js.map","app-307bffdf16294ffe583e.js","app-307bffdf16294ffe583e.js.map"],"children":{},"childAssets":{}},"component---src-templates-blog-post-js":{"chunks":[1,0,21],"assets":["styles.345bb582dc3382b007d2.css","styles-2fcf02b8558f8314ddd1.js","styles-2fcf02b8558f8314ddd1.js.map","commons-b36030d267d25cd712b6.js","commons-b36030d267d25cd712b6.js.map","component---src-templates-blog-post-js-1bf48fc14fa31f29df0b.js","component---src-templates-blog-post-js-1bf48fc14fa31f29df0b.js.map"],"children":{},"childAssets":{}},"component---src-pages-404-js":{"chunks":[1,0,3],"assets":["styles.345bb582dc3382b007d2.css","styles-2fcf02b8558f8314ddd1.js","styles-2fcf02b8558f8314ddd1.js.map","commons-b36030d267d25cd712b6.js","commons-b36030d267d25cd712b6.js.map","component---src-pages-404-js-de147e2a411283ceee16.js","component---src-pages-404-js-de147e2a411283ceee16.js.map"],"children":{},"childAssets":{}},"component---src-pages-biblioteca-js":{"chunks":[1,0,4],"assets":["styles.345bb582dc3382b007d2.css","styles-2fcf02b8558f8314ddd1.js","styles-2fcf02b8558f8314ddd1.js.map","commons-b36030d267d25cd712b6.js","commons-b36030d267d25cd712b6.js.map","component---src-pages-biblioteca-js-97c1aaaa1c81d1c80bc9.js","component---src-pages-biblioteca-js-97c1aaaa1c81d1c80bc9.js.map"],"children":{},"childAssets":{}},"component---src-pages-citas-js":{"chunks":[1,0,5],"assets":["styles.345bb582dc3382b007d2.css","styles-2fcf02b8558f8314ddd1.js","styles-2fcf02b8558f8314ddd1.js.map","commons-b36030d267d25cd712b6.js","commons-b36030d267d25cd712b6.js.map","component---src-pages-citas-js-5ade127d31d74a8f56a8.js","component---src-pages-citas-js-5ade127d31d74a8f56a8.js.map"],"children":{},"childAssets":{}},"component---src-pages-contacto-js":{"chunks":[1,0,6],"assets":["styles.345bb582dc3382b007d2.css","styles-2fcf02b8558f8314ddd1.js","styles-2fcf02b8558f8314ddd1.js.map","commons-b36030d267d25cd712b6.js","commons-b36030d267d25cd712b6.js.map","component---src-pages-contacto-js-6e68d1cb5f1355eb8085.js","component---src-pages-contacto-js-6e68d1cb5f1355eb8085.js.map"],"children":{},"childAssets":{}},"component---src-pages-index-js":{"chunks":[1,0,7],"assets":["styles.345bb582dc3382b007d2.css","styles-2fcf02b8558f8314ddd1.js","styles-2fcf02b8558f8314ddd1.js.map","commons-b36030d267d25cd712b6.js","commons-b36030d267d25cd712b6.js.map","component---src-pages-index-js-7f1557a06a4548aeb3cd.js","component---src-pages-index-js-7f1557a06a4548aeb3cd.js.map"],"children":{},"childAssets":{}},"component---src-pages-preguntas-frecuentes-js":{"chunks":[1,0,8],"assets":["styles.345bb582dc3382b007d2.css","styles-2fcf02b8558f8314ddd1.js","styles-2fcf02b8558f8314ddd1.js.map","commons-b36030d267d25cd712b6.js","commons-b36030d267d25cd712b6.js.map","component---src-pages-preguntas-frecuentes-js-53ce819a6700831e6be5.js","component---src-pages-preguntas-frecuentes-js-53ce819a6700831e6be5.js.map"],"children":{},"childAssets":{}},"component---src-pages-quien-soy-js":{"chunks":[1,0,9],"assets":["styles.345bb582dc3382b007d2.css","styles-2fcf02b8558f8314ddd1.js","styles-2fcf02b8558f8314ddd1.js.map","commons-b36030d267d25cd712b6.js","commons-b36030d267d25cd712b6.js.map","component---src-pages-quien-soy-js-efad389af67673a6f553.js","component---src-pages-quien-soy-js-efad389af67673a6f553.js.map"],"children":{},"childAssets":{}},"component---src-pages-servicios-js":{"chunks":[1,0,15],"assets":["styles.345bb582dc3382b007d2.css","styles-2fcf02b8558f8314ddd1.js","styles-2fcf02b8558f8314ddd1.js.map","commons-b36030d267d25cd712b6.js","commons-b36030d267d25cd712b6.js.map","component---src-pages-servicios-js-ac71a187b94a218c3e86.js","component---src-pages-servicios-js-ac71a187b94a218c3e86.js.map"],"children":{},"childAssets":{}},"component---src-pages-servicios-cardiologia-js":{"chunks":[1,0,10],"assets":["styles.345bb582dc3382b007d2.css","styles-2fcf02b8558f8314ddd1.js","styles-2fcf02b8558f8314ddd1.js.map","commons-b36030d267d25cd712b6.js","commons-b36030d267d25cd712b6.js.map","component---src-pages-servicios-cardiologia-js-0c9a180f07bf41c46258.js","component---src-pages-servicios-cardiologia-js-0c9a180f07bf41c46258.js.map"],"children":{},"childAssets":{}},"component---src-pages-servicios-cardiooncologia-js":{"chunks":[1,0,11],"assets":["styles.345bb582dc3382b007d2.css","styles-2fcf02b8558f8314ddd1.js","styles-2fcf02b8558f8314ddd1.js.map","commons-b36030d267d25cd712b6.js","commons-b36030d267d25cd712b6.js.map","component---src-pages-servicios-cardiooncologia-js-174046843f7b5b8665fc.js","component---src-pages-servicios-cardiooncologia-js-174046843f7b5b8665fc.js.map"],"children":{},"childAssets":{}},"component---src-pages-servicios-contrapulsacion-js":{"chunks":[1,0,12],"assets":["styles.345bb582dc3382b007d2.css","styles-2fcf02b8558f8314ddd1.js","styles-2fcf02b8558f8314ddd1.js.map","commons-b36030d267d25cd712b6.js","commons-b36030d267d25cd712b6.js.map","component---src-pages-servicios-contrapulsacion-js-a8941a7227a8a4f777fa.js","component---src-pages-servicios-contrapulsacion-js-a8941a7227a8a4f777fa.js.map"],"children":{},"childAssets":{}},"component---src-pages-servicios-ecocardiograma-js":{"chunks":[1,0,13],"assets":["styles.345bb582dc3382b007d2.css","styles-2fcf02b8558f8314ddd1.js","styles-2fcf02b8558f8314ddd1.js.map","commons-b36030d267d25cd712b6.js","commons-b36030d267d25cd712b6.js.map","component---src-pages-servicios-ecocardiograma-js-3f06902684a269e0f84e.js","component---src-pages-servicios-ecocardiograma-js-3f06902684a269e0f84e.js.map"],"children":{},"childAssets":{}},"component---src-pages-servicios-electrocardiograma-js":{"chunks":[1,0,14],"assets":["styles.345bb582dc3382b007d2.css","styles-2fcf02b8558f8314ddd1.js","styles-2fcf02b8558f8314ddd1.js.map","commons-b36030d267d25cd712b6.js","commons-b36030d267d25cd712b6.js.map","component---src-pages-servicios-electrocardiograma-js-7d72f6b81000c9c89749.js","component---src-pages-servicios-electrocardiograma-js-7d72f6b81000c9c89749.js.map"],"children":{},"childAssets":{}},"component---src-pages-servicios-monitoreo-de-presion-arterial-js":{"chunks":[1,0,16],"assets":["styles.345bb582dc3382b007d2.css","styles-2fcf02b8558f8314ddd1.js","styles-2fcf02b8558f8314ddd1.js.map","commons-b36030d267d25cd712b6.js","commons-b36030d267d25cd712b6.js.map","component---src-pages-servicios-monitoreo-de-presion-arterial-js-a5a38f7ae5d4cdbf1b48.js","component---src-pages-servicios-monitoreo-de-presion-arterial-js-a5a38f7ae5d4cdbf1b48.js.map"],"children":{},"childAssets":{}},"component---src-pages-servicios-prueba-de-esfuerzo-js":{"chunks":[1,0,17],"assets":["styles.345bb582dc3382b007d2.css","styles-2fcf02b8558f8314ddd1.js","styles-2fcf02b8558f8314ddd1.js.map","commons-b36030d267d25cd712b6.js","commons-b36030d267d25cd712b6.js.map","component---src-pages-servicios-prueba-de-esfuerzo-js-ccc27510fd26d31b89c1.js","component---src-pages-servicios-prueba-de-esfuerzo-js-ccc27510fd26d31b89c1.js.map"],"children":{},"childAssets":{}},"component---src-pages-servicios-rehabilitacion-cardiaca-js":{"chunks":[1,0,18],"assets":["styles.345bb582dc3382b007d2.css","styles-2fcf02b8558f8314ddd1.js","styles-2fcf02b8558f8314ddd1.js.map","commons-b36030d267d25cd712b6.js","commons-b36030d267d25cd712b6.js.map","component---src-pages-servicios-rehabilitacion-cardiaca-js-fdfdfc19f95f08a11f45.js","component---src-pages-servicios-rehabilitacion-cardiaca-js-fdfdfc19f95f08a11f45.js.map"],"children":{},"childAssets":{}},"component---src-pages-servicios-rigidez-arterial-js":{"chunks":[1,0,19],"assets":["styles.345bb582dc3382b007d2.css","styles-2fcf02b8558f8314ddd1.js","styles-2fcf02b8558f8314ddd1.js.map","commons-b36030d267d25cd712b6.js","commons-b36030d267d25cd712b6.js.map","component---src-pages-servicios-rigidez-arterial-js-f43de7b5b45edbf3110c.js","component---src-pages-servicios-rigidez-arterial-js-f43de7b5b45edbf3110c.js.map"],"children":{},"childAssets":{}},"component---src-pages-servicios-test-de-holter-js":{"chunks":[1,0,20],"assets":["styles.345bb582dc3382b007d2.css","styles-2fcf02b8558f8314ddd1.js","styles-2fcf02b8558f8314ddd1.js.map","commons-b36030d267d25cd712b6.js","commons-b36030d267d25cd712b6.js.map","component---src-pages-servicios-test-de-holter-js-0525eb1b4ffa8f3260c6.js","component---src-pages-servicios-test-de-holter-js-0525eb1b4ffa8f3260c6.js.map"],"children":{},"childAssets":{}}},"assetsByChunkName":{"app":["webpack-runtime-cf92b431729e8e0d2d2c.js","commons-b36030d267d25cd712b6.js","app-307bffdf16294ffe583e.js"],"component---src-templates-blog-post-js":["styles.345bb582dc3382b007d2.css","styles-2fcf02b8558f8314ddd1.js","commons-b36030d267d25cd712b6.js","component---src-templates-blog-post-js-1bf48fc14fa31f29df0b.js"],"component---src-pages-404-js":["styles.345bb582dc3382b007d2.css","styles-2fcf02b8558f8314ddd1.js","commons-b36030d267d25cd712b6.js","component---src-pages-404-js-de147e2a411283ceee16.js"],"component---src-pages-biblioteca-js":["styles.345bb582dc3382b007d2.css","styles-2fcf02b8558f8314ddd1.js","commons-b36030d267d25cd712b6.js","component---src-pages-biblioteca-js-97c1aaaa1c81d1c80bc9.js"],"component---src-pages-citas-js":["styles.345bb582dc3382b007d2.css","styles-2fcf02b8558f8314ddd1.js","commons-b36030d267d25cd712b6.js","component---src-pages-citas-js-5ade127d31d74a8f56a8.js"],"component---src-pages-contacto-js":["styles.345bb582dc3382b007d2.css","styles-2fcf02b8558f8314ddd1.js","commons-b36030d267d25cd712b6.js","component---src-pages-contacto-js-6e68d1cb5f1355eb8085.js"],"component---src-pages-index-js":["styles.345bb582dc3382b007d2.css","styles-2fcf02b8558f8314ddd1.js","commons-b36030d267d25cd712b6.js","component---src-pages-index-js-7f1557a06a4548aeb3cd.js"],"component---src-pages-preguntas-frecuentes-js":["styles.345bb582dc3382b007d2.css","styles-2fcf02b8558f8314ddd1.js","commons-b36030d267d25cd712b6.js","component---src-pages-preguntas-frecuentes-js-53ce819a6700831e6be5.js"],"component---src-pages-quien-soy-js":["styles.345bb582dc3382b007d2.css","styles-2fcf02b8558f8314ddd1.js","commons-b36030d267d25cd712b6.js","component---src-pages-quien-soy-js-efad389af67673a6f553.js"],"component---src-pages-servicios-js":["styles.345bb582dc3382b007d2.css","styles-2fcf02b8558f8314ddd1.js","commons-b36030d267d25cd712b6.js","component---src-pages-servicios-js-ac71a187b94a218c3e86.js"],"component---src-pages-servicios-cardiologia-js":["styles.345bb582dc3382b007d2.css","styles-2fcf02b8558f8314ddd1.js","commons-b36030d267d25cd712b6.js","component---src-pages-servicios-cardiologia-js-0c9a180f07bf41c46258.js"],"component---src-pages-servicios-cardiooncologia-js":["styles.345bb582dc3382b007d2.css","styles-2fcf02b8558f8314ddd1.js","commons-b36030d267d25cd712b6.js","component---src-pages-servicios-cardiooncologia-js-174046843f7b5b8665fc.js"],"component---src-pages-servicios-contrapulsacion-js":["styles.345bb582dc3382b007d2.css","styles-2fcf02b8558f8314ddd1.js","commons-b36030d267d25cd712b6.js","component---src-pages-servicios-contrapulsacion-js-a8941a7227a8a4f777fa.js"],"component---src-pages-servicios-ecocardiograma-js":["styles.345bb582dc3382b007d2.css","styles-2fcf02b8558f8314ddd1.js","commons-b36030d267d25cd712b6.js","component---src-pages-servicios-ecocardiograma-js-3f06902684a269e0f84e.js"],"component---src-pages-servicios-electrocardiograma-js":["styles.345bb582dc3382b007d2.css","styles-2fcf02b8558f8314ddd1.js","commons-b36030d267d25cd712b6.js","component---src-pages-servicios-electrocardiograma-js-7d72f6b81000c9c89749.js"],"component---src-pages-servicios-monitoreo-de-presion-arterial-js":["styles.345bb582dc3382b007d2.css","styles-2fcf02b8558f8314ddd1.js","commons-b36030d267d25cd712b6.js","component---src-pages-servicios-monitoreo-de-presion-arterial-js-a5a38f7ae5d4cdbf1b48.js"],"component---src-pages-servicios-prueba-de-esfuerzo-js":["styles.345bb582dc3382b007d2.css","styles-2fcf02b8558f8314ddd1.js","commons-b36030d267d25cd712b6.js","component---src-pages-servicios-prueba-de-esfuerzo-js-ccc27510fd26d31b89c1.js"],"component---src-pages-servicios-rehabilitacion-cardiaca-js":["styles.345bb582dc3382b007d2.css","styles-2fcf02b8558f8314ddd1.js","commons-b36030d267d25cd712b6.js","component---src-pages-servicios-rehabilitacion-cardiaca-js-fdfdfc19f95f08a11f45.js"],"component---src-pages-servicios-rigidez-arterial-js":["styles.345bb582dc3382b007d2.css","styles-2fcf02b8558f8314ddd1.js","commons-b36030d267d25cd712b6.js","component---src-pages-servicios-rigidez-arterial-js-f43de7b5b45edbf3110c.js"],"component---src-pages-servicios-test-de-holter-js":["styles.345bb582dc3382b007d2.css","styles-2fcf02b8558f8314ddd1.js","commons-b36030d267d25cd712b6.js","component---src-pages-servicios-test-de-holter-js-0525eb1b4ffa8f3260c6.js"]}}