{"errors":[],"warnings":[],"namedChunkGroups":{"app":{"chunks":[10,0,2],"assets":["webpack-runtime-409457d8dba60ac382e7.js","webpack-runtime-409457d8dba60ac382e7.js.map","commons-92b31f4f362bfbee2b27.js","commons-92b31f4f362bfbee2b27.js.map","app-ec9a58e08d056a74a06e.js","app-ec9a58e08d056a74a06e.js.map"],"children":{},"childAssets":{}},"component---src-pages-404-js":{"chunks":[1,0,3],"assets":["styles.8b10c81c4d71586caba5.css","styles-ad82ee00917f7a000eb3.js","styles-ad82ee00917f7a000eb3.js.map","commons-92b31f4f362bfbee2b27.js","commons-92b31f4f362bfbee2b27.js.map","component---src-pages-404-js-de147e2a411283ceee16.js","component---src-pages-404-js-de147e2a411283ceee16.js.map"],"children":{},"childAssets":{}},"component---src-pages-biblioteca-js":{"chunks":[1,0,4],"assets":["styles.8b10c81c4d71586caba5.css","styles-ad82ee00917f7a000eb3.js","styles-ad82ee00917f7a000eb3.js.map","commons-92b31f4f362bfbee2b27.js","commons-92b31f4f362bfbee2b27.js.map","component---src-pages-biblioteca-js-8289deaf1cda837d9da0.js","component---src-pages-biblioteca-js-8289deaf1cda837d9da0.js.map"],"children":{},"childAssets":{}},"component---src-pages-contacto-js":{"chunks":[1,0,5],"assets":["styles.8b10c81c4d71586caba5.css","styles-ad82ee00917f7a000eb3.js","styles-ad82ee00917f7a000eb3.js.map","commons-92b31f4f362bfbee2b27.js","commons-92b31f4f362bfbee2b27.js.map","component---src-pages-contacto-js-6f975c351b6609701507.js","component---src-pages-contacto-js-6f975c351b6609701507.js.map"],"children":{},"childAssets":{}},"component---src-pages-index-js":{"chunks":[1,0,6],"assets":["styles.8b10c81c4d71586caba5.css","styles-ad82ee00917f7a000eb3.js","styles-ad82ee00917f7a000eb3.js.map","commons-92b31f4f362bfbee2b27.js","commons-92b31f4f362bfbee2b27.js.map","component---src-pages-index-js-8e675df46b37576bd708.js","component---src-pages-index-js-8e675df46b37576bd708.js.map"],"children":{},"childAssets":{}},"component---src-pages-preguntas-frecuentes-js":{"chunks":[1,0,7],"assets":["styles.8b10c81c4d71586caba5.css","styles-ad82ee00917f7a000eb3.js","styles-ad82ee00917f7a000eb3.js.map","commons-92b31f4f362bfbee2b27.js","commons-92b31f4f362bfbee2b27.js.map","component---src-pages-preguntas-frecuentes-js-4d3914310337667bfd55.js","component---src-pages-preguntas-frecuentes-js-4d3914310337667bfd55.js.map"],"children":{},"childAssets":{}},"component---src-pages-quien-soy-js":{"chunks":[1,0,8],"assets":["styles.8b10c81c4d71586caba5.css","styles-ad82ee00917f7a000eb3.js","styles-ad82ee00917f7a000eb3.js.map","commons-92b31f4f362bfbee2b27.js","commons-92b31f4f362bfbee2b27.js.map","component---src-pages-quien-soy-js-0c5e1d5d5218859995fe.js","component---src-pages-quien-soy-js-0c5e1d5d5218859995fe.js.map"],"children":{},"childAssets":{}},"component---src-pages-servicios-js":{"chunks":[1,0,9],"assets":["styles.8b10c81c4d71586caba5.css","styles-ad82ee00917f7a000eb3.js","styles-ad82ee00917f7a000eb3.js.map","commons-92b31f4f362bfbee2b27.js","commons-92b31f4f362bfbee2b27.js.map","component---src-pages-servicios-js-e3ff9967892d2b93c590.js","component---src-pages-servicios-js-e3ff9967892d2b93c590.js.map"],"children":{},"childAssets":{}}},"assetsByChunkName":{"app":["webpack-runtime-409457d8dba60ac382e7.js","commons-92b31f4f362bfbee2b27.js","app-ec9a58e08d056a74a06e.js"],"component---src-pages-404-js":["styles.8b10c81c4d71586caba5.css","styles-ad82ee00917f7a000eb3.js","commons-92b31f4f362bfbee2b27.js","component---src-pages-404-js-de147e2a411283ceee16.js"],"component---src-pages-biblioteca-js":["styles.8b10c81c4d71586caba5.css","styles-ad82ee00917f7a000eb3.js","commons-92b31f4f362bfbee2b27.js","component---src-pages-biblioteca-js-8289deaf1cda837d9da0.js"],"component---src-pages-contacto-js":["styles.8b10c81c4d71586caba5.css","styles-ad82ee00917f7a000eb3.js","commons-92b31f4f362bfbee2b27.js","component---src-pages-contacto-js-6f975c351b6609701507.js"],"component---src-pages-index-js":["styles.8b10c81c4d71586caba5.css","styles-ad82ee00917f7a000eb3.js","commons-92b31f4f362bfbee2b27.js","component---src-pages-index-js-8e675df46b37576bd708.js"],"component---src-pages-preguntas-frecuentes-js":["styles.8b10c81c4d71586caba5.css","styles-ad82ee00917f7a000eb3.js","commons-92b31f4f362bfbee2b27.js","component---src-pages-preguntas-frecuentes-js-4d3914310337667bfd55.js"],"component---src-pages-quien-soy-js":["styles.8b10c81c4d71586caba5.css","styles-ad82ee00917f7a000eb3.js","commons-92b31f4f362bfbee2b27.js","component---src-pages-quien-soy-js-0c5e1d5d5218859995fe.js"],"component---src-pages-servicios-js":["styles.8b10c81c4d71586caba5.css","styles-ad82ee00917f7a000eb3.js","commons-92b31f4f362bfbee2b27.js","component---src-pages-servicios-js-e3ff9967892d2b93c590.js"]}}