{"errors":[],"warnings":[],"namedChunkGroups":{"app":{"chunks":[10,0,2],"assets":["webpack-runtime-303aabff6717ed6a5e82.js","webpack-runtime-303aabff6717ed6a5e82.js.map","commons-cff2d58cfbb16a099605.js","commons-cff2d58cfbb16a099605.js.map","app-ec9a58e08d056a74a06e.js","app-ec9a58e08d056a74a06e.js.map"],"children":{},"childAssets":{}},"component---src-pages-404-js":{"chunks":[1,0,3],"assets":["styles.04c3974c8f57f2c2995d.css","styles-ad82ee00917f7a000eb3.js","styles-ad82ee00917f7a000eb3.js.map","commons-cff2d58cfbb16a099605.js","commons-cff2d58cfbb16a099605.js.map","component---src-pages-404-js-de147e2a411283ceee16.js","component---src-pages-404-js-de147e2a411283ceee16.js.map"],"children":{},"childAssets":{}},"component---src-pages-biblioteca-js":{"chunks":[1,0,4],"assets":["styles.04c3974c8f57f2c2995d.css","styles-ad82ee00917f7a000eb3.js","styles-ad82ee00917f7a000eb3.js.map","commons-cff2d58cfbb16a099605.js","commons-cff2d58cfbb16a099605.js.map","component---src-pages-biblioteca-js-8289deaf1cda837d9da0.js","component---src-pages-biblioteca-js-8289deaf1cda837d9da0.js.map"],"children":{},"childAssets":{}},"component---src-pages-contacto-js":{"chunks":[1,0,5],"assets":["styles.04c3974c8f57f2c2995d.css","styles-ad82ee00917f7a000eb3.js","styles-ad82ee00917f7a000eb3.js.map","commons-cff2d58cfbb16a099605.js","commons-cff2d58cfbb16a099605.js.map","component---src-pages-contacto-js-bf8d4410a7548c10837d.js","component---src-pages-contacto-js-bf8d4410a7548c10837d.js.map"],"children":{},"childAssets":{}},"component---src-pages-index-js":{"chunks":[1,0,6],"assets":["styles.04c3974c8f57f2c2995d.css","styles-ad82ee00917f7a000eb3.js","styles-ad82ee00917f7a000eb3.js.map","commons-cff2d58cfbb16a099605.js","commons-cff2d58cfbb16a099605.js.map","component---src-pages-index-js-5e4a9f8aef6e3a8acbf8.js","component---src-pages-index-js-5e4a9f8aef6e3a8acbf8.js.map"],"children":{},"childAssets":{}},"component---src-pages-preguntas-frecuentes-js":{"chunks":[1,0,7],"assets":["styles.04c3974c8f57f2c2995d.css","styles-ad82ee00917f7a000eb3.js","styles-ad82ee00917f7a000eb3.js.map","commons-cff2d58cfbb16a099605.js","commons-cff2d58cfbb16a099605.js.map","component---src-pages-preguntas-frecuentes-js-fc2b422c1dfcb1bdee14.js","component---src-pages-preguntas-frecuentes-js-fc2b422c1dfcb1bdee14.js.map"],"children":{},"childAssets":{}},"component---src-pages-quien-soy-js":{"chunks":[1,0,8],"assets":["styles.04c3974c8f57f2c2995d.css","styles-ad82ee00917f7a000eb3.js","styles-ad82ee00917f7a000eb3.js.map","commons-cff2d58cfbb16a099605.js","commons-cff2d58cfbb16a099605.js.map","component---src-pages-quien-soy-js-cff6519f82a7b6d0908c.js","component---src-pages-quien-soy-js-cff6519f82a7b6d0908c.js.map"],"children":{},"childAssets":{}},"component---src-pages-servicios-js":{"chunks":[1,0,9],"assets":["styles.04c3974c8f57f2c2995d.css","styles-ad82ee00917f7a000eb3.js","styles-ad82ee00917f7a000eb3.js.map","commons-cff2d58cfbb16a099605.js","commons-cff2d58cfbb16a099605.js.map","component---src-pages-servicios-js-d89fe6cdadf0c4578d29.js","component---src-pages-servicios-js-d89fe6cdadf0c4578d29.js.map"],"children":{},"childAssets":{}}},"assetsByChunkName":{"app":["webpack-runtime-303aabff6717ed6a5e82.js","commons-cff2d58cfbb16a099605.js","app-ec9a58e08d056a74a06e.js"],"component---src-pages-404-js":["styles.04c3974c8f57f2c2995d.css","styles-ad82ee00917f7a000eb3.js","commons-cff2d58cfbb16a099605.js","component---src-pages-404-js-de147e2a411283ceee16.js"],"component---src-pages-biblioteca-js":["styles.04c3974c8f57f2c2995d.css","styles-ad82ee00917f7a000eb3.js","commons-cff2d58cfbb16a099605.js","component---src-pages-biblioteca-js-8289deaf1cda837d9da0.js"],"component---src-pages-contacto-js":["styles.04c3974c8f57f2c2995d.css","styles-ad82ee00917f7a000eb3.js","commons-cff2d58cfbb16a099605.js","component---src-pages-contacto-js-bf8d4410a7548c10837d.js"],"component---src-pages-index-js":["styles.04c3974c8f57f2c2995d.css","styles-ad82ee00917f7a000eb3.js","commons-cff2d58cfbb16a099605.js","component---src-pages-index-js-5e4a9f8aef6e3a8acbf8.js"],"component---src-pages-preguntas-frecuentes-js":["styles.04c3974c8f57f2c2995d.css","styles-ad82ee00917f7a000eb3.js","commons-cff2d58cfbb16a099605.js","component---src-pages-preguntas-frecuentes-js-fc2b422c1dfcb1bdee14.js"],"component---src-pages-quien-soy-js":["styles.04c3974c8f57f2c2995d.css","styles-ad82ee00917f7a000eb3.js","commons-cff2d58cfbb16a099605.js","component---src-pages-quien-soy-js-cff6519f82a7b6d0908c.js"],"component---src-pages-servicios-js":["styles.04c3974c8f57f2c2995d.css","styles-ad82ee00917f7a000eb3.js","commons-cff2d58cfbb16a099605.js","component---src-pages-servicios-js-d89fe6cdadf0c4578d29.js"]}}