{"errors":[],"warnings":[],"namedChunkGroups":{"app":{"chunks":[12,0,2],"assets":["webpack-runtime-c6d927f60543737f03dc.js","webpack-runtime-c6d927f60543737f03dc.js.map","commons-4a8dffe4211c3e9548a2.js","commons-4a8dffe4211c3e9548a2.js.map","app-4f04992145d0a0ed0c2c.js","app-4f04992145d0a0ed0c2c.js.map"],"children":{},"childAssets":{}},"component---src-templates-blog-post-js":{"chunks":[1,0,11],"assets":["styles.95ba946b6e5cb1c5c9ca.css","styles-2fcf02b8558f8314ddd1.js","styles-2fcf02b8558f8314ddd1.js.map","commons-4a8dffe4211c3e9548a2.js","commons-4a8dffe4211c3e9548a2.js.map","component---src-templates-blog-post-js-4b77aa9e5feb0cd22323.js","component---src-templates-blog-post-js-4b77aa9e5feb0cd22323.js.map"],"children":{},"childAssets":{}},"component---src-pages-404-js":{"chunks":[1,0,3],"assets":["styles.95ba946b6e5cb1c5c9ca.css","styles-2fcf02b8558f8314ddd1.js","styles-2fcf02b8558f8314ddd1.js.map","commons-4a8dffe4211c3e9548a2.js","commons-4a8dffe4211c3e9548a2.js.map","component---src-pages-404-js-de147e2a411283ceee16.js","component---src-pages-404-js-de147e2a411283ceee16.js.map"],"children":{},"childAssets":{}},"component---src-pages-biblioteca-js":{"chunks":[1,0,4],"assets":["styles.95ba946b6e5cb1c5c9ca.css","styles-2fcf02b8558f8314ddd1.js","styles-2fcf02b8558f8314ddd1.js.map","commons-4a8dffe4211c3e9548a2.js","commons-4a8dffe4211c3e9548a2.js.map","component---src-pages-biblioteca-js-a11e4ea0abc4bca0e1cc.js","component---src-pages-biblioteca-js-a11e4ea0abc4bca0e1cc.js.map"],"children":{},"childAssets":{}},"component---src-pages-citas-js":{"chunks":[1,0,5],"assets":["styles.95ba946b6e5cb1c5c9ca.css","styles-2fcf02b8558f8314ddd1.js","styles-2fcf02b8558f8314ddd1.js.map","commons-4a8dffe4211c3e9548a2.js","commons-4a8dffe4211c3e9548a2.js.map","component---src-pages-citas-js-586591e049ed33e49eef.js","component---src-pages-citas-js-586591e049ed33e49eef.js.map"],"children":{},"childAssets":{}},"component---src-pages-contacto-js":{"chunks":[1,0,6],"assets":["styles.95ba946b6e5cb1c5c9ca.css","styles-2fcf02b8558f8314ddd1.js","styles-2fcf02b8558f8314ddd1.js.map","commons-4a8dffe4211c3e9548a2.js","commons-4a8dffe4211c3e9548a2.js.map","component---src-pages-contacto-js-47109f6dcb1dd1fc6f37.js","component---src-pages-contacto-js-47109f6dcb1dd1fc6f37.js.map"],"children":{},"childAssets":{}},"component---src-pages-index-js":{"chunks":[1,0,7],"assets":["styles.95ba946b6e5cb1c5c9ca.css","styles-2fcf02b8558f8314ddd1.js","styles-2fcf02b8558f8314ddd1.js.map","commons-4a8dffe4211c3e9548a2.js","commons-4a8dffe4211c3e9548a2.js.map","component---src-pages-index-js-d0011c87b44fb375780f.js","component---src-pages-index-js-d0011c87b44fb375780f.js.map"],"children":{},"childAssets":{}},"component---src-pages-preguntas-frecuentes-js":{"chunks":[1,0,8],"assets":["styles.95ba946b6e5cb1c5c9ca.css","styles-2fcf02b8558f8314ddd1.js","styles-2fcf02b8558f8314ddd1.js.map","commons-4a8dffe4211c3e9548a2.js","commons-4a8dffe4211c3e9548a2.js.map","component---src-pages-preguntas-frecuentes-js-84a8c798a188a22e8d65.js","component---src-pages-preguntas-frecuentes-js-84a8c798a188a22e8d65.js.map"],"children":{},"childAssets":{}},"component---src-pages-quien-soy-js":{"chunks":[1,0,9],"assets":["styles.95ba946b6e5cb1c5c9ca.css","styles-2fcf02b8558f8314ddd1.js","styles-2fcf02b8558f8314ddd1.js.map","commons-4a8dffe4211c3e9548a2.js","commons-4a8dffe4211c3e9548a2.js.map","component---src-pages-quien-soy-js-66a0355ebc12f6b3467c.js","component---src-pages-quien-soy-js-66a0355ebc12f6b3467c.js.map"],"children":{},"childAssets":{}},"component---src-pages-servicios-js":{"chunks":[1,0,10],"assets":["styles.95ba946b6e5cb1c5c9ca.css","styles-2fcf02b8558f8314ddd1.js","styles-2fcf02b8558f8314ddd1.js.map","commons-4a8dffe4211c3e9548a2.js","commons-4a8dffe4211c3e9548a2.js.map","component---src-pages-servicios-js-df1818fcb383c8b72e73.js","component---src-pages-servicios-js-df1818fcb383c8b72e73.js.map"],"children":{},"childAssets":{}}},"assetsByChunkName":{"app":["webpack-runtime-c6d927f60543737f03dc.js","commons-4a8dffe4211c3e9548a2.js","app-4f04992145d0a0ed0c2c.js"],"component---src-templates-blog-post-js":["styles.95ba946b6e5cb1c5c9ca.css","styles-2fcf02b8558f8314ddd1.js","commons-4a8dffe4211c3e9548a2.js","component---src-templates-blog-post-js-4b77aa9e5feb0cd22323.js"],"component---src-pages-404-js":["styles.95ba946b6e5cb1c5c9ca.css","styles-2fcf02b8558f8314ddd1.js","commons-4a8dffe4211c3e9548a2.js","component---src-pages-404-js-de147e2a411283ceee16.js"],"component---src-pages-biblioteca-js":["styles.95ba946b6e5cb1c5c9ca.css","styles-2fcf02b8558f8314ddd1.js","commons-4a8dffe4211c3e9548a2.js","component---src-pages-biblioteca-js-a11e4ea0abc4bca0e1cc.js"],"component---src-pages-citas-js":["styles.95ba946b6e5cb1c5c9ca.css","styles-2fcf02b8558f8314ddd1.js","commons-4a8dffe4211c3e9548a2.js","component---src-pages-citas-js-586591e049ed33e49eef.js"],"component---src-pages-contacto-js":["styles.95ba946b6e5cb1c5c9ca.css","styles-2fcf02b8558f8314ddd1.js","commons-4a8dffe4211c3e9548a2.js","component---src-pages-contacto-js-47109f6dcb1dd1fc6f37.js"],"component---src-pages-index-js":["styles.95ba946b6e5cb1c5c9ca.css","styles-2fcf02b8558f8314ddd1.js","commons-4a8dffe4211c3e9548a2.js","component---src-pages-index-js-d0011c87b44fb375780f.js"],"component---src-pages-preguntas-frecuentes-js":["styles.95ba946b6e5cb1c5c9ca.css","styles-2fcf02b8558f8314ddd1.js","commons-4a8dffe4211c3e9548a2.js","component---src-pages-preguntas-frecuentes-js-84a8c798a188a22e8d65.js"],"component---src-pages-quien-soy-js":["styles.95ba946b6e5cb1c5c9ca.css","styles-2fcf02b8558f8314ddd1.js","commons-4a8dffe4211c3e9548a2.js","component---src-pages-quien-soy-js-66a0355ebc12f6b3467c.js"],"component---src-pages-servicios-js":["styles.95ba946b6e5cb1c5c9ca.css","styles-2fcf02b8558f8314ddd1.js","commons-4a8dffe4211c3e9548a2.js","component---src-pages-servicios-js-df1818fcb383c8b72e73.js"]}}