{"errors":[],"warnings":[],"namedChunkGroups":{"app":{"chunks":[12,0,2],"assets":["webpack-runtime-1e2c3a55dd877b5db6c5.js","webpack-runtime-1e2c3a55dd877b5db6c5.js.map","commons-16e05939a1dc7b85d248.js","commons-16e05939a1dc7b85d248.js.map","app-00e945312dbf3912ae8f.js","app-00e945312dbf3912ae8f.js.map"],"children":{},"childAssets":{}},"component---src-templates-blog-post-js":{"chunks":[1,0,11],"assets":["styles.74dd4460a11205dfaa82.css","styles-2fcf02b8558f8314ddd1.js","styles-2fcf02b8558f8314ddd1.js.map","commons-16e05939a1dc7b85d248.js","commons-16e05939a1dc7b85d248.js.map","component---src-templates-blog-post-js-4b77aa9e5feb0cd22323.js","component---src-templates-blog-post-js-4b77aa9e5feb0cd22323.js.map"],"children":{},"childAssets":{}},"component---src-pages-404-js":{"chunks":[1,0,3],"assets":["styles.74dd4460a11205dfaa82.css","styles-2fcf02b8558f8314ddd1.js","styles-2fcf02b8558f8314ddd1.js.map","commons-16e05939a1dc7b85d248.js","commons-16e05939a1dc7b85d248.js.map","component---src-pages-404-js-de147e2a411283ceee16.js","component---src-pages-404-js-de147e2a411283ceee16.js.map"],"children":{},"childAssets":{}},"component---src-pages-biblioteca-js":{"chunks":[1,0,4],"assets":["styles.74dd4460a11205dfaa82.css","styles-2fcf02b8558f8314ddd1.js","styles-2fcf02b8558f8314ddd1.js.map","commons-16e05939a1dc7b85d248.js","commons-16e05939a1dc7b85d248.js.map","component---src-pages-biblioteca-js-4bc4ede1e3a94d71ed78.js","component---src-pages-biblioteca-js-4bc4ede1e3a94d71ed78.js.map"],"children":{},"childAssets":{}},"component---src-pages-citas-js":{"chunks":[1,0,5],"assets":["styles.74dd4460a11205dfaa82.css","styles-2fcf02b8558f8314ddd1.js","styles-2fcf02b8558f8314ddd1.js.map","commons-16e05939a1dc7b85d248.js","commons-16e05939a1dc7b85d248.js.map","component---src-pages-citas-js-c97957b5893352470db9.js","component---src-pages-citas-js-c97957b5893352470db9.js.map"],"children":{},"childAssets":{}},"component---src-pages-contacto-js":{"chunks":[1,0,6],"assets":["styles.74dd4460a11205dfaa82.css","styles-2fcf02b8558f8314ddd1.js","styles-2fcf02b8558f8314ddd1.js.map","commons-16e05939a1dc7b85d248.js","commons-16e05939a1dc7b85d248.js.map","component---src-pages-contacto-js-7106d5c04220e5323d10.js","component---src-pages-contacto-js-7106d5c04220e5323d10.js.map"],"children":{},"childAssets":{}},"component---src-pages-index-js":{"chunks":[1,0,7],"assets":["styles.74dd4460a11205dfaa82.css","styles-2fcf02b8558f8314ddd1.js","styles-2fcf02b8558f8314ddd1.js.map","commons-16e05939a1dc7b85d248.js","commons-16e05939a1dc7b85d248.js.map","component---src-pages-index-js-c54b17f15b776221357c.js","component---src-pages-index-js-c54b17f15b776221357c.js.map"],"children":{},"childAssets":{}},"component---src-pages-preguntas-frecuentes-js":{"chunks":[1,0,8],"assets":["styles.74dd4460a11205dfaa82.css","styles-2fcf02b8558f8314ddd1.js","styles-2fcf02b8558f8314ddd1.js.map","commons-16e05939a1dc7b85d248.js","commons-16e05939a1dc7b85d248.js.map","component---src-pages-preguntas-frecuentes-js-5d66828417af9394d9ac.js","component---src-pages-preguntas-frecuentes-js-5d66828417af9394d9ac.js.map"],"children":{},"childAssets":{}},"component---src-pages-quien-soy-js":{"chunks":[1,0,9],"assets":["styles.74dd4460a11205dfaa82.css","styles-2fcf02b8558f8314ddd1.js","styles-2fcf02b8558f8314ddd1.js.map","commons-16e05939a1dc7b85d248.js","commons-16e05939a1dc7b85d248.js.map","component---src-pages-quien-soy-js-70c5154badd8ada7edb0.js","component---src-pages-quien-soy-js-70c5154badd8ada7edb0.js.map"],"children":{},"childAssets":{}},"component---src-pages-servicios-js":{"chunks":[1,0,10],"assets":["styles.74dd4460a11205dfaa82.css","styles-2fcf02b8558f8314ddd1.js","styles-2fcf02b8558f8314ddd1.js.map","commons-16e05939a1dc7b85d248.js","commons-16e05939a1dc7b85d248.js.map","component---src-pages-servicios-js-90e7da491bf45261ece9.js","component---src-pages-servicios-js-90e7da491bf45261ece9.js.map"],"children":{},"childAssets":{}}},"assetsByChunkName":{"app":["webpack-runtime-1e2c3a55dd877b5db6c5.js","commons-16e05939a1dc7b85d248.js","app-00e945312dbf3912ae8f.js"],"component---src-templates-blog-post-js":["styles.74dd4460a11205dfaa82.css","styles-2fcf02b8558f8314ddd1.js","commons-16e05939a1dc7b85d248.js","component---src-templates-blog-post-js-4b77aa9e5feb0cd22323.js"],"component---src-pages-404-js":["styles.74dd4460a11205dfaa82.css","styles-2fcf02b8558f8314ddd1.js","commons-16e05939a1dc7b85d248.js","component---src-pages-404-js-de147e2a411283ceee16.js"],"component---src-pages-biblioteca-js":["styles.74dd4460a11205dfaa82.css","styles-2fcf02b8558f8314ddd1.js","commons-16e05939a1dc7b85d248.js","component---src-pages-biblioteca-js-4bc4ede1e3a94d71ed78.js"],"component---src-pages-citas-js":["styles.74dd4460a11205dfaa82.css","styles-2fcf02b8558f8314ddd1.js","commons-16e05939a1dc7b85d248.js","component---src-pages-citas-js-c97957b5893352470db9.js"],"component---src-pages-contacto-js":["styles.74dd4460a11205dfaa82.css","styles-2fcf02b8558f8314ddd1.js","commons-16e05939a1dc7b85d248.js","component---src-pages-contacto-js-7106d5c04220e5323d10.js"],"component---src-pages-index-js":["styles.74dd4460a11205dfaa82.css","styles-2fcf02b8558f8314ddd1.js","commons-16e05939a1dc7b85d248.js","component---src-pages-index-js-c54b17f15b776221357c.js"],"component---src-pages-preguntas-frecuentes-js":["styles.74dd4460a11205dfaa82.css","styles-2fcf02b8558f8314ddd1.js","commons-16e05939a1dc7b85d248.js","component---src-pages-preguntas-frecuentes-js-5d66828417af9394d9ac.js"],"component---src-pages-quien-soy-js":["styles.74dd4460a11205dfaa82.css","styles-2fcf02b8558f8314ddd1.js","commons-16e05939a1dc7b85d248.js","component---src-pages-quien-soy-js-70c5154badd8ada7edb0.js"],"component---src-pages-servicios-js":["styles.74dd4460a11205dfaa82.css","styles-2fcf02b8558f8314ddd1.js","commons-16e05939a1dc7b85d248.js","component---src-pages-servicios-js-90e7da491bf45261ece9.js"]}}